System,TotalMS,SelfMS,GCAlloc,Calls
FormationManager,0,0,38211584,1
FormationManager,0,0,38338560,1
FormationManager,0,0,39239680,1
FormationManager,0,0,39317504,1
FormationManager,0,0,39337984,1
FormationManager,0,0,39350272,1
FormationManager,0,0,39370752,1
FormationManager,0,0,39391232,1
FormationManager,0,0,39407616,1
FormationManager,0,0,39424000,1
FormationManager,0,0,39444480,1
FormationManager,0,0,39460864,1
FormationManager,0,0,39489536,1
FormationManager,0,0,39510016,1
FormationManager,0,0,39534592,1
FormationManager,0,0,39563264,1
FormationManager,0,0,39583744,1
FormationManager,0,0,39596032,1
FormationManager,0,0,39628800,1
FormationManager,0,0,39653376,1
FormationManager,0,0,39669760,1
FormationManager,0,0,39686144,1
FormationManager,0,0,38875136,1
FormationManager,0,0,38875136,1
FormationManager,0,0,38879232,1
FormationManager,0,0,38891520,1
FormationManager,0,0,38899712,1
FormationManager,0,0,38916096,1
FormationManager,0,0,38924288,1
FormationManager,0,0,38932480,1
FormationManager,0,0,38944768,1
FormationManager,0,0,38961152,1
FormationManager,0,0,38969344,1
FormationManager,0,0,38985728,1
FormationManager,0,0,38993920,1
FormationManager,0,0,39006208,1
FormationManager,0,0,39018496,1
FormationManager,0,0,39034880,1
FormationManager,0,0,39043072,1
FormationManager,0,0,39059456,1
FormationManager,0,0,39067648,1
FormationManager,0,0,39084032,1
FormationManager,0,0,39108608,1
FormationManager,0,0,39120896,1
FormationManager,0,0,39129088,1
FormationManager,0,0,39149568,1
FormationManager,0,0,39157760,1
FormationManager,0,0,39170048,1
FormationManager,0,0,39182336,1
FormationManager,0,0,39206912,1
FormationManager,0,0,39223296,1
FormationManager,0,0,39239680,1
FormationManager,0,0,39256064,1
FormationManager,0,0,39276544,1
FormationManager,0,0,39292928,1
FormationManager,0,0,39317504,1
FormationManager,0,0,39325696,1
FormationManager,0,0,39350272,1
FormationManager,0,0,39366656,1
FormationManager,0,0,39383040,1
FormationManager,0,0,39399424,1
FormationManager,0,0,39424000,1
FormationManager,0,0,39436288,1
FormationManager,0,0,39456768,1
FormationManager,0,0,39473152,1
FormationManager,0,0,39493632,1
FormationManager,0,0,39514112,1
FormationManager,0,0,39534592,1
FormationManager,0,0,39546880,1
FormationManager,0,0,39571456,1
FormationManager,0,0,39587840,1
FormationManager,0,0,39600128,1
FormationManager,0,0,39620608,1
FormationManager,0,0,39649280,1
FormationManager,0,0,39665664,1
FormationManager,0,0,39694336,1
FormationManager,0,0,39710720,1
FormationManager,0,0,39735296,1
FormationManager,0,0,39759872,1
FormationManager,0,0,39784448,1
FormationManager,0,0,39804928,1
FormationManager,0,0,39825408,1
FormationManager,0,0,39837696,1
FormationManager,0,0,39862272,1
FormationManager,0,0,39882752,1
FormationManager,0,0,39915520,1
FormationManager,0,0,39940096,1
FormationManager,0,0,39968768,1
FormationManager,0,0,39989248,1
FormationManager,0,0,40022016,1
FormationManager,0,0,40042496,1
FormationManager,0,0,40075264,1
FormationManager,0,0,40091648,1
FormationManager,0,0,40124416,1
FormationManager,0,0,40153088,1
FormationManager,0,0,40169472,1
FormationManager,0,0,40194048,1
FormationManager,0,0,40226816,1
FormationManager,0,0,40247296,1
FormationManager,0,0,40271872,1
FormationManager,0,0,40296448,1
FormationManager,0,0,40325120,1
FormationManager,0,0,40353792,1
FormationManager,0,0,40382464,1
FormationManager,0,0,40398848,1
FormationManager,0,0,40435712,1
FormationManager,0,0,40456192,1
FormationManager,0,0,40480768,1
FormationManager,0,0,40505344,1
FormationManager,0,0,40534016,1
FormationManager,0,0,40558592,1
FormationManager,0,0,40591360,1
FormationManager,0,0,40607744,1
FormationManager,0,0,40632320,1
FormationManager,0,0,40660992,1
FormationManager,0,0,40689664,1
FormationManager,0,0,40714240,1
FormationManager,0,0,40747008,1
FormationManager,0,0,40767488,1
FormationManager,0,0,40796160,1
FormationManager,0,0,40820736,1
FormationManager,0,0,40849408,1
FormationManager,0,0,40865792,1
FormationManager,0,0,40894464,1
FormationManager,0,0,40910848,1
FormationManager,0,0,40943616,1
FormationManager,0,0,40972288,1
FormationManager,0,0,41000960,1
FormationManager,0,0,41021440,1
FormationManager,0,0,41054208,1
FormationManager,0,0,41078784,1
FormationManager,0,0,41099264,1
FormationManager,0,0,41119744,1
FormationManager,0,0,41156608,1
FormationManager,0,0,41177088,1
FormationManager,0,0,41246720,1
FormationManager,0,0,41267200,1
FormationManager,0,0,41291776,1
FormationManager,0,0,41316352,1
FormationManager,0,0,41349120,1
FormationManager,0,0,41369600,1
FormationManager,0,0,41394176,1
FormationManager,0,0,41422848,1
FormationManager,0,0,41451520,1
FormationManager,0,0,41476096,1
FormationManager,0,0,41512960,1
FormationManager,0,0,41533440,1
FormationManager,0,0,41553920,1
FormationManager,0,0,41578496,1
FormationManager,0,0,41611264,1
FormationManager,0,0,41631744,1
FormationManager,0,0,41660416,1
FormationManager,0,0,41684992,1
FormationManager,0,0,41717760,1
FormationManager,0,0,41746432,1
FormationManager,0,0,41766912,1
FormationManager,0,0,41787392,1
FormationManager,0,0,41828352,1
FormationManager,0,0,41852928,1
FormationManager,0,0,41877504,1
FormationManager,0,0,41893888,1
FormationManager,0,0,41918464,1
FormationManager,0,0,41943040,1
FormationManager,0,0,41979904,1
FormationManager,0,0,41996288,1
FormationManager,0,0,42029056,1
FormationManager,0,0,42057728,1
FormationManager,0,0,42082304,1
FormationManager,0,0,42106880,1
FormationManager,0,0,42139648,1
FormationManager,0,0,42160128,1
FormationManager,0,0,42188800,1
FormationManager,0,0,42213376,1
FormationManager,0,0,42233856,1
FormationManager,0,0,42262528,1
FormationManager,0,0,42295296,1
FormationManager,0,0,42315776,1
FormationManager,0,0,42352640,1
FormationManager,0,0,42373120,1
FormationManager,0,0,42405888,1
FormationManager,0,0,42430464,1
FormationManager,0,0,42467328,1
FormationManager,0,0,42496000,1
FormationManager,0,0,42520576,1
FormationManager,0,0,42545152,1
FormationManager,0,0,42582016,1
FormationManager,0,0,42598400,1
FormationManager,0,0,42627072,1
FormationManager,0,0,41377792,1
FormationManager,0,0,41385984,1
FormationManager,0,0,41390080,1
FormationManager,0,0,41398272,1
FormationManager,0,0,41410560,1
FormationManager,0,0,41426944,1
FormationManager,0,0,41435136,1
FormationManager,0,0,41451520,1
FormationManager,0,0,41459712,1
FormationManager,0,0,41472000,1
FormationManager,0,0,41484288,1
FormationManager,0,0,41496576,1
FormationManager,0,0,41504768,1
FormationManager,0,0,41521152,1
FormationManager,0,0,41529344,1
FormationManager,0,0,41541632,1
FormationManager,0,0,41553920,1
FormationManager,0,0,41570304,1
FormationManager,0,0,41582592,1
FormationManager,0,0,41598976,1
FormationManager,0,0,41607168,1
FormationManager,0,0,41619456,1
FormationManager,0,0,41635840,1
FormationManager,0,0,41652224,1
FormationManager,0,0,41656320,1
FormationManager,0,0,41672704,1
FormationManager,0,0,41684992,1
FormationManager,0,0,41697280,1
FormationManager,0,0,41709568,1
FormationManager,0,0,41725952,1
FormationManager,0,0,41738240,1
FormationManager,0,0,41754624,1
FormationManager,0,0,41762816,1
FormationManager,0,0,41775104,1
FormationManager,0,0,41791488,1
FormationManager,0,0,41807872,1
FormationManager,0,0,41820160,1
FormationManager,0,0,41832448,1
FormationManager,0,0,41844736,1
FormationManager,0,0,41861120,1
FormationManager,0,0,41873408,1
FormationManager,0,0,41902080,1
FormationManager,0,0,41918464,1
FormationManager,0,0,41934848,1
FormationManager,0,0,41943040,1
FormationManager,0,0,41959424,1
FormationManager,0,0,41975808,1
FormationManager,0,0,41996288,1
FormationManager,0,0,42004480,1
FormationManager,0,0,42020864,1
FormationManager,0,0,42037248,1
FormationManager,0,0,42045440,1
FormationManager,0,0,42057728,1
FormationManager,0,0,42078208,1
FormationManager,0,0,42090496,1
FormationManager,0,0,42106880,1
FormationManager,0,0,42119168,1
FormationManager,0,0,42131456,1
FormationManager,0,0,42147840,1
FormationManager,0,0,42168320,1
FormationManager,0,0,42176512,1
FormationManager,0,0,42196992,1
FormationManager,0,0,42209280,1
FormationManager,0,0,42221568,1
FormationManager,0,0,42233856,1
FormationManager,0,0,42250240,1
FormationManager,0,0,42262528,1
FormationManager,0,0,42283008,1
FormationManager,0,0,42291200,1
FormationManager,0,0,42303488,1
FormationManager,0,0,42323968,1
FormationManager,0,0,42340352,1
FormationManager,0,0,42352640,1
FormationManager,0,0,42369024,1
FormationManager,0,0,42381312,1
FormationManager,0,0,42397696,1
FormationManager,0,0,42409984,1
FormationManager,0,0,42426368,1
FormationManager,0,0,42442752,1
FormationManager,0,0,42459136,1
FormationManager,0,0,42467328,1
FormationManager,0,0,42483712,1
FormationManager,0,0,42500096,1
FormationManager,0,0,42516480,1
FormationManager,0,0,42532864,1
FormationManager,0,0,42549248,1
FormationManager,0,0,42569728,1
FormationManager,0,0,42586112,1
FormationManager,0,0,42602496,1
FormationManager,0,0,42627072,1
FormationManager,0,0,42639360,1
FormationManager,0,0,42659840,1
FormationManager,0,0,42680320,1
FormationManager,0,0,42696704,1
FormationManager,0,0,42713088,1
FormationManager,0,0,42737664,1
FormationManager,0,0,42749952,1
FormationManager,0,0,42774528,1
FormationManager,0,0,42790912,1
FormationManager,0,0,42807296,1
FormationManager,0,0,42831872,1
FormationManager,0,0,42852352,1
FormationManager,0,0,42868736,1
FormationManager,0,0,42889216,1
FormationManager,0,0,42897408,1
FormationManager,0,0,42950656,1
FormationManager,0,0,42967040,1
FormationManager,0,0,42991616,1
FormationManager,0,0,43012096,1
FormationManager,0,0,43028480,1
FormationManager,0,0,43053056,1
FormationManager,0,0,43065344,1
FormationManager,0,0,43077632,1
FormationManager,0,0,43106304,1
FormationManager,0,0,43122688,1
FormationManager,0,0,43139072,1
FormationManager,0,0,43159552,1
FormationManager,0,0,43175936,1
FormationManager,0,0,43192320,1
FormationManager,0,0,43220992,1
FormationManager,0,0,43237376,1
FormationManager,0,0,43253760,1
FormationManager,0,0,43274240,1
FormationManager,0,0,43290624,1
FormationManager,0,0,43311104,1
FormationManager,0,0,43335680,1
FormationManager,0,0,43352064,1
FormationManager,0,0,43372544,1
FormationManager,0,0,43388928,1
FormationManager,0,0,43405312,1
FormationManager,0,0,43425792,1
FormationManager,0,0,43450368,1
FormationManager,0,0,43462656,1
FormationManager,0,0,43483136,1
FormationManager,0,0,43503616,1
FormationManager,0,0,43524096,1
FormationManager,0,0,43536384,1
FormationManager,0,0,43560960,1
FormationManager,0,0,43585536,1
FormationManager,0,0,43601920,1
FormationManager,0,0,43622400,1
FormationManager,0,0,43642880,1
FormationManager,0,0,43651072,1
FormationManager,0,0,43675648,1
FormationManager,0,0,43692032,1
FormationManager,0,0,43712512,1
FormationManager,0,0,43737088,1
FormationManager,0,0,43761664,1
FormationManager,0,0,43782144,1
FormationManager,0,0,43814912,1
FormationManager,0,0,43835392,1
FormationManager,0,0,43855872,1
FormationManager,0,0,43872256,1
FormationManager,0,0,43892736,1
FormationManager,0,0,43913216,1
FormationManager,0,0,43941888,1
FormationManager,0,0,43970560,1
FormationManager,0,0,43986944,1
FormationManager,0,0,44019712,1
FormationManager,0,0,44052480,1
FormationManager,0,0,44081152,1
FormationManager,0,0,44109824,1
FormationManager,0,0,44138496,1
FormationManager,0,0,44167168,1
FormationManager,0,0,44191744,1
FormationManager,0,0,44220416,1
FormationManager,0,0,44244992,1
FormationManager,0,0,44281856,1
FormationManager,0,0,44302336,1
FormationManager,0,0,44331008,1
FormationManager,0,0,43040768,1
FormationManager,0,0,43048960,1
FormationManager,0,0,43053056,1
FormationManager,0,0,43065344,1
FormationManager,0,0,43069440,1
FormationManager,0,0,43081728,1
FormationManager,0,0,43089920,1
FormationManager,0,0,43102208,1
FormationManager,0,0,43114496,1
FormationManager,0,0,43130880,1
FormationManager,0,0,43139072,1
FormationManager,0,0,43155456,1
FormationManager,0,0,43163648,1
FormationManager,0,0,43171840,1
FormationManager,0,0,43184128,1
FormationManager,0,0,43200512,1
FormationManager,0,0,43208704,1
FormationManager,0,0,43225088,1
FormationManager,0,0,43233280,1
FormationManager,0,0,43249664,1
FormationManager,0,0,43261952,1
FormationManager,0,0,43278336,1
FormationManager,0,0,43286528,1
FormationManager,0,0,43307008,1
FormationManager,0,0,43315200,1
FormationManager,0,0,43327488,1
FormationManager,0,0,43335680,1
FormationManager,0,0,43356160,1
FormationManager,0,0,43364352,1
FormationManager,0,0,43380736,1
FormationManager,0,0,43388928,1
FormationManager,0,0,43405312,1
FormationManager,0,0,43417600,1
FormationManager,0,0,43433984,1
FormationManager,0,0,43442176,1
FormationManager,0,0,43462656,1
FormationManager,0,0,43470848,1
FormationManager,0,0,43483136,1
FormationManager,0,0,43495424,1
FormationManager,0,0,43511808,1
FormationManager,0,0,43520000,1
FormationManager,0,0,43536384,1
FormationManager,0,0,43544576,1
FormationManager,0,0,43560960,1
FormationManager,0,0,43577344,1
FormationManager,0,0,43593728,1
FormationManager,0,0,43606016,1
FormationManager,0,0,43626496,1
FormationManager,0,0,43634688,1
FormationManager,0,0,43651072,1
FormationManager,0,0,43663360,1
FormationManager,0,0,43683840,1
FormationManager,0,0,43692032,1
FormationManager,0,0,43708416,1
FormationManager,0,0,43716608,1
FormationManager,0,0,43737088,1
FormationManager,0,0,43749376,1
FormationManager,0,0,43765760,1
FormationManager,0,0,43778048,1
FormationManager,0,0,43798528,1
FormationManager,0,0,43810816,1
FormationManager,0,0,43823104,1
FormationManager,0,0,43835392,1
FormationManager,0,0,43859968,1
FormationManager,0,0,43868160,1
FormationManager,0,0,43880448,1
FormationManager,0,0,43892736,1
FormationManager,0,0,43909120,1
FormationManager,0,0,43921408,1
FormationManager,0,0,43941888,1
FormationManager,0,0,43950080,1
FormationManager,0,0,43974656,1
FormationManager,0,0,43982848,1
FormationManager,0,0,43995136,1
FormationManager,0,0,44011520,1
FormationManager,0,0,44032000,1
FormationManager,0,0,44040192,1
FormationManager,0,0,44060672,1
FormationManager,0,0,44064768,1
FormationManager,0,0,44081152,1
FormationManager,0,0,44122112,1
FormationManager,0,0,44142592,1
FormationManager,0,0,44154880,1
FormationManager,0,0,44171264,1
FormationManager,0,0,44191744,1
FormationManager,0,0,44204032,1
FormationManager,0,0,44216320,1
FormationManager,0,0,44249088,1
FormationManager,0,0,44261376,1
FormationManager,0,0,44277760,1
FormationManager,0,0,44298240,1
FormationManager,0,0,44314624,1
FormationManager,0,0,44331008,1
FormationManager,0,0,44359680,1
FormationManager,0,0,44367872,1
FormationManager,0,0,44388352,1
FormationManager,0,0,44408832,1
FormationManager,0,0,44425216,1
FormationManager,0,0,44441600,1
FormationManager,0,0,44470272,1
FormationManager,0,0,44486656,1
FormationManager,0,0,44507136,1
FormationManager,0,0,44523520,1
FormationManager,0,0,44544000,1
FormationManager,0,0,44552192,1
FormationManager,0,0,44576768,1
FormationManager,0,0,44589056,1
FormationManager,0,0,44613632,1
FormationManager,0,0,44634112,1
FormationManager,0,0,44654592,1
FormationManager,0,0,44666880,1
FormationManager,0,0,44695552,1
FormationManager,0,0,44711936,1
FormationManager,0,0,44728320,1
FormationManager,0,0,44740608,1
FormationManager,0,0,44769280,1
FormationManager,0,0,44781568,1
FormationManager,0,0,44802048,1
FormationManager,0,0,44818432,1
FormationManager,0,0,44838912,1
FormationManager,0,0,44855296,1
FormationManager,0,0,44875776,1
FormationManager,0,0,44888064,1
FormationManager,0,0,44924928,1
FormationManager,0,0,44933120,1
FormationManager,0,0,44949504,1
FormationManager,0,0,44969984,1
FormationManager,0,0,44990464,1
FormationManager,0,0,45006848,1
FormationManager,0,0,45035520,1
FormationManager,0,0,45043712,1
FormationManager,0,0,45068288,1
FormationManager,0,0,45088768,1
FormationManager,0,0,45105152,1
FormationManager,0,0,45117440,1
FormationManager,0,0,45146112,1
FormationManager,0,0,45158400,1
FormationManager,0,0,45182976,1
FormationManager,0,0,45199360,1
FormationManager,0,0,45223936,1
FormationManager,0,0,45240320,1
FormationManager,0,0,45264896,1
FormationManager,0,0,45289472,1
FormationManager,0,0,45314048,1
FormationManager,0,0,45326336,1
FormationManager,0,0,45338624,1
FormationManager,0,0,45359104,1
FormationManager,0,0,45391872,1
FormationManager,0,0,45408256,1
FormationManager,0,0,45428736,1
FormationManager,0,0,45445120,1
FormationManager,0,0,45473792,1
FormationManager,0,0,45490176,1
FormationManager,0,0,45518848,1
FormationManager,0,0,45539328,1
FormationManager,0,0,45563904,1
FormationManager,0,0,45584384,1
FormationManager,0,0,45604864,1
FormationManager,0,0,45621248,1
FormationManager,0,0,45658112,1
FormationManager,0,0,45674496,1
FormationManager,0,0,45699072,1
FormationManager,0,0,45723648,1
FormationManager,0,0,45756416,1
FormationManager,0,0,45772800,1
FormationManager,0,0,45809664,1
FormationManager,0,0,45826048,1
FormationManager,0,0,45858816,1
FormationManager,0,0,45883392,1
FormationManager,0,0,45912064,1
FormationManager,0,0,45928448,1
FormationManager,0,0,45977600,1
FormationManager,0,0,45998080,1
FormationManager,0,0,46026752,1
FormationManager,0,0,46055424,1
FormationManager,0,0,46084096,1
FormationManager,0,0,44765184,1
FormationManager,0,0,44777472,1
FormationManager,0,0,44781568,1
FormationManager,0,0,44789760,1
FormationManager,0,0,44793856,1
FormationManager,0,0,44802048,1
FormationManager,0,0,44806144,1
FormationManager,0,0,44818432,1
FormationManager,0,0,44830720,1
FormationManager,0,0,44843008,1
FormationManager,0,0,44851200,1
FormationManager,0,0,44867584,1
FormationManager,0,0,44875776,1
FormationManager,0,0,44892160,1
FormationManager,0,0,44904448,1
FormationManager,0,0,44916736,1
FormationManager,0,0,44924928,1
FormationManager,0,0,44941312,1
FormationManager,0,0,44949504,1
FormationManager,0,0,44969984,1
FormationManager,0,0,44978176,1
FormationManager,0,0,44990464,1
FormationManager,0,0,44998656,1
FormationManager,0,0,45019136,1
FormationManager,0,0,45027328,1
FormationManager,0,0,45043712,1
FormationManager,0,0,45056000,1
FormationManager,0,0,45072384,1
FormationManager,0,0,45080576,1
FormationManager,0,0,45096960,1
FormationManager,0,0,45105152,1
FormationManager,0,0,45125632,1
FormationManager,0,0,45137920,1
FormationManager,0,0,45146112,1
FormationManager,0,0,45154304,1
FormationManager,0,0,45174784,1
FormationManager,0,0,45182976,1
FormationManager,0,0,45199360,1
FormationManager,0,0,45211648,1
FormationManager,0,0,45228032,1
FormationManager,0,0,45236224,1
FormationManager,0,0,45252608,1
FormationManager,0,0,45260800,1
FormationManager,0,0,45281280,1
FormationManager,0,0,45293568,1
FormationManager,0,0,45305856,1
FormationManager,0,0,45309952,1
FormationManager,0,0,45334528,1
FormationManager,0,0,45342720,1
FormationManager,0,0,45359104,1
FormationManager,0,0,45375488,1
FormationManager,0,0,45391872,1
FormationManager,0,0,45400064,1
FormationManager,0,0,45420544,1
FormationManager,0,0,45428736,1
FormationManager,0,0,45449216,1
FormationManager,0,0,45465600,1
FormationManager,0,0,45477888,1
FormationManager,0,0,45490176,1
FormationManager,0,0,45506560,1
FormationManager,0,0,45514752,1
FormationManager,0,0,45535232,1
FormationManager,0,0,45547520,1
FormationManager,0,0,45563904,1
FormationManager,0,0,45576192,1
FormationManager,0,0,45592576,1
FormationManager,0,0,45600768,1
FormationManager,0,0,45625344,1
FormationManager,0,0,45637632,1
FormationManager,0,0,45649920,1
FormationManager,0,0,45690880,1
FormationManager,0,0,45711360,1
FormationManager,0,0,45719552,1
FormationManager,0,0,45735936,1
FormationManager,0,0,45748224,1
FormationManager,0,0,45768704,1
FormationManager,0,0,45776896,1
FormationManager,0,0,45793280,1
FormationManager,0,0,45805568,1
FormationManager,0,0,45826048,1
FormationManager,0,0,45838336,1
FormationManager,0,0,45854720,1
FormationManager,0,0,45862912,1
FormationManager,0,0,45883392,1
FormationManager,0,0,45895680,1
FormationManager,0,0,45912064,1
FormationManager,0,0,45924352,1
FormationManager,0,0,45948928,1
FormationManager,0,0,45965312,1
FormationManager,0,0,45981696,1
FormationManager,0,0,46002176,1
FormationManager,0,0,46026752,1
FormationManager,0,0,46039040,1
FormationManager,0,0,46059520,1
FormationManager,0,0,46075904,1
FormationManager,0,0,46096384,1
FormationManager,0,0,46116864,1
FormationManager,0,0,46137344,1
FormationManager,0,0,46149632,1
FormationManager,0,0,46178304,1
FormationManager,0,0,46190592,1
FormationManager,0,0,46202880,1
FormationManager,0,0,46223360,1
FormationManager,0,0,46247936,1
FormationManager,0,0,46260224,1
FormationManager,0,0,46284800,1
FormationManager,0,0,46301184,1
FormationManager,0,0,46321664,1
FormationManager,0,0,46342144,1
FormationManager,0,0,46362624,1
FormationManager,0,0,46379008,1
FormationManager,0,0,46399488,1
FormationManager,0,0,46407680,1
FormationManager,0,0,46428160,1
FormationManager,0,0,46448640,1
FormationManager,0,0,46473216,1
FormationManager,0,0,46489600,1
FormationManager,0,0,46510080,1
FormationManager,0,0,46522368,1
FormationManager,0,0,46546944,1
FormationManager,0,0,46563328,1
FormationManager,0,0,46587904,1
FormationManager,0,0,46600192,1
FormationManager,0,0,46624768,1
FormationManager,0,0,46637056,1
FormationManager,0,0,46653440,1
FormationManager,0,0,46669824,1
FormationManager,0,0,46698496,1
FormationManager,0,0,46710784,1
FormationManager,0,0,46731264,1
FormationManager,0,0,46751744,1
FormationManager,0,0,46772224,1
FormationManager,0,0,46784512,1
FormationManager,0,0,46809088,1
FormationManager,0,0,46821376,1
FormationManager,0,0,46850048,1
FormationManager,0,0,46866432,1
FormationManager,0,0,46878720,1
FormationManager,0,0,46903296,1
FormationManager,0,0,46927872,1
FormationManager,0,0,46940160,1
FormationManager,0,0,46964736,1
FormationManager,0,0,46972928,1
FormationManager,0,0,46993408,1
FormationManager,0,0,47013888,1
FormationManager,0,0,47038464,1
FormationManager,0,0,47058944,1
FormationManager,0,0,47083520,1
FormationManager,0,0,47095808,1
FormationManager,0,0,47116288,1
FormationManager,0,0,47128576,1
FormationManager,0,0,47153152,1
FormationManager,0,0,47165440,1
FormationManager,0,0,47185920,1
FormationManager,0,0,47206400,1
FormationManager,0,0,47247360,1
FormationManager,0,0,47267840,1
FormationManager,0,0,47292416,1
FormationManager,0,0,47312896,1
FormationManager,0,0,47337472,1
FormationManager,0,0,47357952,1
FormationManager,0,0,47386624,1
FormationManager,0,0,47407104,1
FormationManager,0,0,47443968,1
FormationManager,0,0,47452160,1
FormationManager,0,0,47480832,1
FormationManager,0,0,47501312,1
FormationManager,0,0,47525888,1
FormationManager,0,0,47546368,1
FormationManager,0,0,47579136,1
FormationManager,0,0,47599616,1
FormationManager,0,0,47632384,1
FormationManager,0,0,47661056,1
FormationManager,0,0,47677440,1
FormationManager,0,0,47710208,1
FormationManager,0,0,47742976,1
FormationManager,0,0,47767552,1
FormationManager,0,0,47800320,1
FormationManager,0,0,47820800,1
FormationManager,0,0,47849472,1
FormationManager,0,0,47882240,1
FormationManager,0,0,47915008,1
FormationManager,0,0,47939584,1
FormationManager,0,0,47988736,1
FormationManager,0,0,48013312,1
FormationManager,0,0,42397696,1
FormationManager,0,0,42397696,1
FormationManager,0,0,42397696,1
FormationManager,0,0,42397696,1
FormationManager,0,0,42397696,1
FormationManager,0,0,42401792,1
FormationManager,0,0,42409984,1
FormationManager,0,0,42414080,1
FormationManager,0,0,42422272,1
FormationManager,0,0,42434560,1
FormationManager,0,0,42446848,1
FormationManager,0,0,42455040,1
FormationManager,0,0,42471424,1
FormationManager,0,0,42479616,1
FormationManager,0,0,42487808,1
FormationManager,0,0,42500096,1
FormationManager,0,0,42512384,1
FormationManager,0,0,42520576,1
FormationManager,0,0,42536960,1
FormationManager,0,0,42549248,1
FormationManager,0,0,42561536,1
FormationManager,0,0,42573824,1
FormationManager,0,0,42586112,1
FormationManager,0,0,42598400,1
FormationManager,0,0,42614784,1
FormationManager,0,0,42622976,1
FormationManager,0,0,42639360,1
FormationManager,0,0,42651648,1
FormationManager,0,0,42663936,1
FormationManager,0,0,42672128,1
FormationManager,0,0,42688512,1
FormationManager,0,0,42700800,1
FormationManager,0,0,42717184,1
FormationManager,0,0,42729472,1
FormationManager,0,0,42745856,1
FormationManager,0,0,42758144,1
FormationManager,0,0,42774528,1
FormationManager,0,0,42786816,1
FormationManager,0,0,42803200,1
FormationManager,0,0,42819584,1
FormationManager,0,0,42831872,1
FormationManager,0,0,42840064,1
FormationManager,0,0,42860544,1
FormationManager,0,0,42872832,1
FormationManager,0,0,42889216,1
FormationManager,0,0,42905600,1
FormationManager,0,0,42917888,1
FormationManager,0,0,42930176,1
FormationManager,0,0,42950656,1
FormationManager,0,0,42958848,1
FormationManager,0,0,42975232,1
FormationManager,0,0,42995712,1
FormationManager,0,0,43008000,1
FormationManager,0,0,43012096,1
FormationManager,0,0,43032576,1
FormationManager,0,0,43077632,1
FormationManager,0,0,43094016,1
FormationManager,0,0,43102208,1
FormationManager,0,0,43122688,1
FormationManager,0,0,43134976,1
FormationManager,0,0,43147264,1
FormationManager,0,0,43163648,1
FormationManager,0,0,43180032,1
FormationManager,0,0,43192320,1
FormationManager,0,0,43212800,1
FormationManager,0,0,43220992,1
FormationManager,0,0,43229184,1
FormationManager,0,0,43249664,1
FormationManager,0,0,43266048,1
FormationManager,0,0,43278336,1
FormationManager,0,0,43294720,1
FormationManager,0,0,43307008,1
FormationManager,0,0,43323392,1
FormationManager,0,0,43335680,1
FormationManager,0,0,43352064,1
FormationManager,0,0,43368448,1
FormationManager,0,0,43384832,1
FormationManager,0,0,43393024,1
FormationManager,0,0,43409408,1
FormationManager,0,0,43421696,1
FormationManager,0,0,43442176,1
FormationManager,0,0,43450368,1
FormationManager,0,0,43466752,1
FormationManager,0,0,43483136,1
FormationManager,0,0,43495424,1
FormationManager,0,0,43507712,1
FormationManager,0,0,43528192,1
FormationManager,0,0,43540480,1
FormationManager,0,0,43556864,1
FormationManager,0,0,43569152,1
FormationManager,0,0,43581440,1
FormationManager,0,0,43597824,1
FormationManager,0,0,43614208,1
FormationManager,0,0,43622400,1
FormationManager,0,0,43642880,1
FormationManager,0,0,43655168,1
FormationManager,0,0,43667456,1
FormationManager,0,0,43683840,1
FormationManager,0,0,43700224,1
FormationManager,0,0,43712512,1
FormationManager,0,0,43732992,1
FormationManager,0,0,43741184,1
FormationManager,0,0,43753472,1
FormationManager,0,0,43773952,1
FormationManager,0,0,43790336,1
FormationManager,0,0,43798528,1
FormationManager,0,0,43814912,1
FormationManager,0,0,43827200,1
FormationManager,0,0,43843584,1
FormationManager,0,0,43855872,1
FormationManager,0,0,43872256,1
FormationManager,0,0,43888640,1
FormationManager,0,0,43905024,1
FormationManager,0,0,43913216,1
FormationManager,0,0,43929600,1
FormationManager,0,0,43945984,1
FormationManager,0,0,43962368,1
FormationManager,0,0,43986944,1
FormationManager,0,0,44003328,1
FormationManager,0,0,44015616,1
FormationManager,0,0,44027904,1
FormationManager,0,0,44040192,1
FormationManager,0,0,44060672,1
FormationManager,0,0,44072960,1
FormationManager,0,0,44089344,1
FormationManager,0,0,44101632,1
FormationManager,0,0,44113920,1
FormationManager,0,0,44130304,1
FormationManager,0,0,44150784,1
FormationManager,0,0,44158976,1
FormationManager,0,0,44179456,1
FormationManager,0,0,44195840,1
FormationManager,0,0,44204032,1
FormationManager,0,0,44220416,1
FormationManager,0,0,44236800,1
FormationManager,0,0,44249088,1
FormationManager,0,0,44269568,1
FormationManager,0,0,44277760,1
FormationManager,0,0,44290048,1
FormationManager,0,0,44310528,1
FormationManager,0,0,44331008,1
FormationManager,0,0,44339200,1
FormationManager,0,0,44359680,1
FormationManager,0,0,44371968,1
FormationManager,0,0,44388352,1
FormationManager,0,0,44396544,1
FormationManager,0,0,44412928,1
FormationManager,0,0,44429312,1
FormationManager,0,0,44445696,1
FormationManager,0,0,44457984,1
FormationManager,0,0,44474368,1
FormationManager,0,0,44490752,1
FormationManager,0,0,44507136,1
FormationManager,0,0,44519424,1
FormationManager,0,0,44535808,1
FormationManager,0,0,44552192,1
FormationManager,0,0,44564480,1
FormationManager,0,0,44580864,1
FormationManager,0,0,44601344,1
FormationManager,0,0,44617728,1
FormationManager,0,0,44634112,1
FormationManager,0,0,44650496,1
FormationManager,0,0,44662784,1
FormationManager,0,0,44683264,1
FormationManager,0,0,44703744,1
FormationManager,0,0,44711936,1
FormationManager,0,0,44732416,1
FormationManager,0,0,44752896,1
FormationManager,0,0,43495424,1
FormationManager,0,0,43499520,1
FormationManager,0,0,43511808,1
FormationManager,0,0,43511808,1
FormationManager,0,0,43520000,1
FormationManager,0,0,43532288,1
FormationManager,0,0,43544576,1
FormationManager,0,0,43552768,1
FormationManager,0,0,43573248,1
FormationManager,0,0,43581440,1
FormationManager,0,0,43593728,1
FormationManager,0,0,43606016,1
FormationManager,0,0,43618304,1
FormationManager,0,0,43626496,1
FormationManager,0,0,43646976,1
FormationManager,0,0,43655168,1
FormationManager,0,0,43663360,1
FormationManager,0,0,43675648,1
FormationManager,0,0,43692032,1
FormationManager,0,0,43700224,1
FormationManager,0,0,43720704,1
FormationManager,0,0,43732992,1
FormationManager,0,0,43749376,1
FormationManager,0,0,43761664,1
FormationManager,0,0,43778048,1
FormationManager,0,0,43794432,1
FormationManager,0,0,43814912,1
FormationManager,0,0,43831296,1
FormationManager,0,0,43847680,1
FormationManager,0,0,43855872,1
FormationManager,0,0,43876352,1
FormationManager,0,0,43892736,1
FormationManager,0,0,43950080,1
FormationManager,0,0,43962368,1
FormationManager,0,0,43986944,1
FormationManager,0,0,44003328,1
FormationManager,0,0,44023808,1
FormationManager,0,0,44040192,1
FormationManager,0,0,44064768,1
FormationManager,0,0,44085248,1
FormationManager,0,0,44109824,1
FormationManager,0,0,44134400,1
FormationManager,0,0,44150784,1
FormationManager,0,0,44167168,1
FormationManager,0,0,44191744,1
FormationManager,0,0,44204032,1
FormationManager,0,0,44216320,1
FormationManager,0,0,44228608,1
FormationManager,0,0,44249088,1
FormationManager,0,0,44261376,1
FormationManager,0,0,44277760,1
FormationManager,0,0,44290048,1
FormationManager,0,0,44310528,1
FormationManager,0,0,44318720,1
FormationManager,0,0,44335104,1
FormationManager,0,0,44343296,1
FormationManager,0,0,44363776,1
FormationManager,0,0,44376064,1
FormationManager,0,0,44392448,1
FormationManager,0,0,44400640,1
FormationManager,0,0,44425216,1
FormationManager,0,0,44433408,1
FormationManager,0,0,44449792,1
FormationManager,0,0,44466176,1
FormationManager,0,0,44482560,1
FormationManager,0,0,44490752,1
FormationManager,0,0,44511232,1
FormationManager,0,0,44519424,1
FormationManager,0,0,44535808,1
FormationManager,0,0,44552192,1
FormationManager,0,0,44564480,1
FormationManager,0,0,44572672,1
FormationManager,0,0,44597248,1
FormationManager,0,0,44605440,1
FormationManager,0,0,44625920,1
FormationManager,0,0,44638208,1
FormationManager,0,0,44654592,1
FormationManager,0,0,44666880,1
FormationManager,0,0,44683264,1
FormationManager,0,0,44691456,1
FormationManager,0,0,44716032,1
FormationManager,0,0,44724224,1
FormationManager,0,0,44736512,1
FormationManager,0,0,44748800,1
FormationManager,0,0,44769280,1
FormationManager,0,0,44781568,1
FormationManager,0,0,44797952,1
FormationManager,0,0,44810240,1
FormationManager,0,0,44830720,1
FormationManager,0,0,44838912,1
FormationManager,0,0,44855296,1
FormationManager,0,0,44867584,1
FormationManager,0,0,44888064,1
FormationManager,0,0,44900352,1
FormationManager,0,0,44912640,1
FormationManager,0,0,44920832,1
FormationManager,0,0,44941312,1
FormationManager,0,0,44953600,1
FormationManager,0,0,44969984,1
FormationManager,0,0,44986368,1
FormationManager,0,0,45002752,1
FormationManager,0,0,45010944,1
FormationManager,0,0,45031424,1
FormationManager,0,0,45039616,1
FormationManager,0,0,45060096,1
FormationManager,0,0,45076480,1
FormationManager,0,0,45101056,1
FormationManager,0,0,45109248,1
FormationManager,0,0,45129728,1
FormationManager,0,0,45137920,1
FormationManager,0,0,45158400,1
FormationManager,0,0,45170688,1
FormationManager,0,0,45187072,1
FormationManager,0,0,45199360,1
FormationManager,0,0,45215744,1
FormationManager,0,0,45223936,1
FormationManager,0,0,45248512,1
FormationManager,0,0,45260800,1
FormationManager,0,0,45273088,1
FormationManager,0,0,45285376,1
FormationManager,0,0,45305856,1
FormationManager,0,0,45309952,1
FormationManager,0,0,45330432,1
FormationManager,0,0,45342720,1
FormationManager,0,0,45363200,1
FormationManager,0,0,45371392,1
FormationManager,0,0,45387776,1
FormationManager,0,0,45400064,1
FormationManager,0,0,45420544,1
FormationManager,0,0,45432832,1
FormationManager,0,0,45449216,1
FormationManager,0,0,45457408,1
FormationManager,0,0,45477888,1
FormationManager,0,0,45490176,1
FormationManager,0,0,45502464,1
FormationManager,0,0,45518848,1
FormationManager,0,0,45535232,1
FormationManager,0,0,45547520,1
FormationManager,0,0,45568000,1
FormationManager,0,0,45576192,1
FormationManager,0,0,45596672,1
FormationManager,0,0,45613056,1
FormationManager,0,0,45629440,1
FormationManager,0,0,45637632,1
FormationManager,0,0,45666304,1
FormationManager,0,0,45674496,1
FormationManager,0,0,45699072,1
FormationManager,0,0,45711360,1
FormationManager,0,0,45731840,1
FormationManager,0,0,45744128,1
FormationManager,0,0,45764608,1
FormationManager,0,0,45772800,1
FormationManager,0,0,45801472,1
FormationManager,0,0,45813760,1
FormationManager,0,0,45830144,1
FormationManager,0,0,45846528,1
FormationManager,0,0,45867008,1
FormationManager,0,0,45879296,1
FormationManager,0,0,45899776,1
FormationManager,0,0,45916160,1
FormationManager,0,0,45932544,1
FormationManager,0,0,45944832,1
FormationManager,0,0,45965312,1
FormationManager,0,0,45985792,1
FormationManager,0,0,44634112,1
FormationManager,0,0,44638208,1
FormationManager,0,0,44646400,1
FormationManager,0,0,44650496,1
FormationManager,0,0,44658688,1
FormationManager,0,0,44662784,1
FormationManager,0,0,44679168,1
FormationManager,0,0,44687360,1
FormationManager,0,0,44699648,1
FormationManager,0,0,44707840,1
FormationManager,0,0,44720128,1
FormationManager,0,0,44728320,1
FormationManager,0,0,44748800,1
FormationManager,0,0,44756992,1
FormationManager,0,0,44769280,1
FormationManager,0,0,44781568,1
FormationManager,0,0,44793856,1
FormationManager,0,0,44802048,1
FormationManager,0,0,44822528,1
FormationManager,0,0,44834816,1
FormationManager,0,0,44847104,1
FormationManager,0,0,44859392,1
FormationManager,0,0,44867584,1
FormationManager,0,0,44879872,1
FormationManager,0,0,44900352,1
FormationManager,0,0,44908544,1
FormationManager,0,0,44920832,1
FormationManager,0,0,44937216,1
FormationManager,0,0,44978176,1
FormationManager,0,0,44986368,1
FormationManager,0,0,45002752,1
FormationManager,0,0,45019136,1
FormationManager,0,0,45031424,1
FormationManager,0,0,45039616,1
FormationManager,0,0,45056000,1
FormationManager,0,0,45064192,1
FormationManager,0,0,45080576,1
FormationManager,0,0,45092864,1
FormationManager,0,0,45105152,1
FormationManager,0,0,45117440,1
FormationManager,0,0,45137920,1
FormationManager,0,0,45146112,1
FormationManager,0,0,45162496,1
FormationManager,0,0,45182976,1
FormationManager,0,0,45195264,1
FormationManager,0,0,45203456,1
FormationManager,0,0,45223936,1
FormationManager,0,0,45236224,1
FormationManager,0,0,45248512,1
FormationManager,0,0,45264896,1
FormationManager,0,0,45277184,1
FormationManager,0,0,45289472,1
FormationManager,0,0,45309952,1
FormationManager,0,0,45318144,1
FormationManager,0,0,45338624,1
FormationManager,0,0,45355008,1
FormationManager,0,0,45367296,1
FormationManager,0,0,45379584,1
FormationManager,0,0,45395968,1
FormationManager,0,0,45408256,1
FormationManager,0,0,45428736,1
FormationManager,0,0,45436928,1
FormationManager,0,0,45449216,1
FormationManager,0,0,45465600,1
FormationManager,0,0,45481984,1
FormationManager,0,0,45494272,1
FormationManager,0,0,45510656,1
FormationManager,0,0,45527040,1
FormationManager,0,0,45543424,1
FormationManager,0,0,45551616,1
FormationManager,0,0,45568000,1
FormationManager,0,0,45584384,1
FormationManager,0,0,45600768,1
FormationManager,0,0,45613056,1
FormationManager,0,0,45625344,1
FormationManager,0,0,45637632,1
FormationManager,0,0,45654016,1
FormationManager,0,0,45666304,1
FormationManager,0,0,45682688,1
FormationManager,0,0,45707264,1
FormationManager,0,0,45719552,1
FormationManager,0,0,45731840,1
FormationManager,0,0,45756416,1
FormationManager,0,0,45772800,1
FormationManager,0,0,45793280,1
FormationManager,0,0,45813760,1
FormationManager,0,0,45830144,1
FormationManager,0,0,45842432,1
FormationManager,0,0,45867008,1
FormationManager,0,0,45879296,1
FormationManager,0,0,45899776,1
FormationManager,0,0,45920256,1
FormationManager,0,0,45936640,1
FormationManager,0,0,45953024,1
FormationManager,0,0,45973504,1
FormationManager,0,0,45989888,1
FormationManager,0,0,46014464,1
FormationManager,0,0,46030848,1
FormationManager,0,0,46047232,1
FormationManager,0,0,46067712,1
FormationManager,0,0,46080000,1
FormationManager,0,0,46092288,1
FormationManager,0,0,46116864,1
FormationManager,0,0,46137344,1
FormationManager,0,0,46157824,1
FormationManager,0,0,46170112,1
FormationManager,0,0,46190592,1
FormationManager,0,0,46211072,1
FormationManager,0,0,46231552,1
FormationManager,0,0,46247936,1
FormationManager,0,0,46268416,1
FormationManager,0,0,46280704,1
FormationManager,0,0,46301184,1
FormationManager,0,0,46313472,1
FormationManager,0,0,46346240,1
FormationManager,0,0,46370816,1
FormationManager,0,0,46387200,1
FormationManager,0,0,46399488,1
FormationManager,0,0,46424064,1
FormationManager,0,0,46440448,1
FormationManager,0,0,46460928,1
FormationManager,0,0,46477312,1
FormationManager,0,0,46493696,1
FormationManager,0,0,46510080,1
FormationManager,0,0,46534656,1
FormationManager,0,0,46546944,1
FormationManager,0,0,46567424,1
FormationManager,0,0,46587904,1
FormationManager,0,0,46604288,1
FormationManager,0,0,46620672,1
FormationManager,0,0,46641152,1
FormationManager,0,0,46657536,1
FormationManager,0,0,46678016,1
FormationManager,0,0,46694400,1
FormationManager,0,0,46710784,1
FormationManager,0,0,46731264,1
FormationManager,0,0,46751744,1
FormationManager,0,0,46764032,1
FormationManager,0,0,46788608,1
FormationManager,0,0,46809088,1
FormationManager,0,0,46825472,1
FormationManager,0,0,46837760,1
FormationManager,0,0,46854144,1
FormationManager,0,0,46874624,1
FormationManager,0,0,46895104,1
FormationManager,0,0,46915584,1
FormationManager,0,0,46936064,1
FormationManager,0,0,46952448,1
FormationManager,0,0,46972928,1
FormationManager,0,0,46989312,1
FormationManager,0,0,47009792,1
FormationManager,0,0,47030272,1
FormationManager,0,0,47046656,1
FormationManager,0,0,47054848,1
FormationManager,0,0,47083520,1
FormationManager,0,0,47099904,1
FormationManager,0,0,47120384,1
FormationManager,0,0,47140864,1
FormationManager,0,0,47157248,1
FormationManager,0,0,47173632,1
FormationManager,0,0,47198208,1
FormationManager,0,0,47214592,1
FormationManager,0,0,47230976,1
FormationManager,0,0,47263744,1
FormationManager,0,0,47280128,1
FormationManager,0,0,47300608,1
FormationManager,0,0,47316992,1
FormationManager,0,0,47333376,1
FormationManager,0,0,47362048,1
FormationManager,0,0,47378432,1
FormationManager,0,0,47398912,1
FormationManager,0,0,47419392,1
FormationManager,0,0,47443968,1
FormationManager,0,0,47456256,1
FormationManager,0,0,47489024,1
FormationManager,0,0,47509504,1
FormationManager,0,0,47529984,1
FormationManager,0,0,47546368,1
FormationManager,0,0,47570944,1
FormationManager,0,0,47587328,1
FormationManager,0,0,46239744,1
FormationManager,0,0,46243840,1
FormationManager,0,0,46252032,1
FormationManager,0,0,46256128,1
FormationManager,0,0,46264320,1
FormationManager,0,0,46268416,1
FormationManager,0,0,46280704,1
FormationManager,0,0,46288896,1
FormationManager,0,0,46305280,1
FormationManager,0,0,46313472,1
FormationManager,0,0,46325760,1
FormationManager,0,0,46338048,1
FormationManager,0,0,46354432,1
FormationManager,0,0,46358528,1
FormationManager,0,0,46374912,1
FormationManager,0,0,46383104,1
FormationManager,0,0,46395392,1
FormationManager,0,0,46407680,1
FormationManager,0,0,46424064,1
FormationManager,0,0,46436352,1
FormationManager,0,0,46452736,1
FormationManager,0,0,46460928,1
FormationManager,0,0,46473216,1
FormationManager,0,0,46489600,1
FormationManager,0,0,46505984,1
FormationManager,0,0,46514176,1
FormationManager,0,0,46526464,1
FormationManager,0,0,46567424,1
FormationManager,0,0,46579712,1
FormationManager,0,0,46587904,1
FormationManager,0,0,46608384,1
FormationManager,0,0,46620672,1
FormationManager,0,0,46632960,1
FormationManager,0,0,46645248,1
FormationManager,0,0,46657536,1
FormationManager,0,0,46669824,1
FormationManager,0,0,46690304,1
FormationManager,0,0,46698496,1
FormationManager,0,0,46710784,1
FormationManager,0,0,46723072,1
FormationManager,0,0,46735360,1
FormationManager,0,0,46747648,1
FormationManager,0,0,46768128,1
FormationManager,0,0,46780416,1
FormationManager,0,0,46796800,1
FormationManager,0,0,46809088,1
FormationManager,0,0,46821376,1
FormationManager,0,0,46837760,1
FormationManager,0,0,46858240,1
FormationManager,0,0,46866432,1
FormationManager,0,0,46882816,1
FormationManager,0,0,46899200,1
FormationManager,0,0,46911488,1
FormationManager,0,0,46919680,1
FormationManager,0,0,46940160,1
FormationManager,0,0,46956544,1
FormationManager,0,0,46968832,1
FormationManager,0,0,46981120,1
FormationManager,0,0,46997504,1
FormationManager,0,0,47009792,1
FormationManager,0,0,47030272,1
FormationManager,0,0,47042560,1
FormationManager,0,0,47054848,1
FormationManager,0,0,47075328,1
FormationManager,0,0,47087616,1
FormationManager,0,0,47091712,1
FormationManager,0,0,47116288,1
FormationManager,0,0,47128576,1
FormationManager,0,0,47140864,1
FormationManager,0,0,47157248,1
FormationManager,0,0,47169536,1
FormationManager,0,0,47181824,1
FormationManager,0,0,47206400,1
FormationManager,0,0,47214592,1
FormationManager,0,0,47226880,1
FormationManager,0,0,47247360,1
FormationManager,0,0,47259648,1
FormationManager,0,0,47271936,1
FormationManager,0,0,47288320,1
FormationManager,0,0,47300608,1
FormationManager,0,0,47316992,1
FormationManager,0,0,47329280,1
FormationManager,0,0,47341568,1
FormationManager,0,0,47357952,1
FormationManager,0,0,47378432,1
FormationManager,0,0,47386624,1
FormationManager,0,0,47403008,1
FormationManager,0,0,47419392,1
FormationManager,0,0,47439872,1
FormationManager,0,0,47452160,1
FormationManager,0,0,47476736,1
FormationManager,0,0,47493120,1
FormationManager,0,0,47509504,1
FormationManager,0,0,47525888,1
FormationManager,0,0,47546368,1
FormationManager,0,0,47562752,1
FormationManager,0,0,47583232,1
FormationManager,0,0,47599616,1
FormationManager,0,0,47616000,1
FormationManager,0,0,47636480,1
FormationManager,0,0,47656960,1
FormationManager,0,0,47669248,1
FormationManager,0,0,47697920,1
FormationManager,0,0,47718400,1
FormationManager,0,0,47730688,1
FormationManager,0,0,47751168,1
FormationManager,0,0,47763456,1
FormationManager,0,0,47779840,1
FormationManager,0,0,47820800,1
FormationManager,0,0,47833088,1
FormationManager,0,0,47849472,1
FormationManager,0,0,47878144,1
FormationManager,0,0,47894528,1
FormationManager,0,0,47910912,1
FormationManager,0,0,47935488,1
FormationManager,0,0,47951872,1
FormationManager,0,0,47972352,1
FormationManager,0,0,47984640,1
FormationManager,0,0,47996928,1
FormationManager,0,0,48021504,1
FormationManager,0,0,48046080,1
FormationManager,0,0,48058368,1
FormationManager,0,0,48078848,1
FormationManager,0,0,48099328,1
FormationManager,0,0,48115712,1
FormationManager,0,0,48132096,1
FormationManager,0,0,48156672,1
FormationManager,0,0,48177152,1
FormationManager,0,0,48193536,1
FormationManager,0,0,48209920,1
FormationManager,0,0,48230400,1
FormationManager,0,0,48242688,1
FormationManager,0,0,48267264,1
FormationManager,0,0,48283648,1
FormationManager,0,0,48304128,1
FormationManager,0,0,48324608,1
FormationManager,0,0,48345088,1
FormationManager,0,0,48353280,1
FormationManager,0,0,48381952,1
FormationManager,0,0,48398336,1
FormationManager,0,0,48414720,1
FormationManager,0,0,48435200,1
FormationManager,0,0,48455680,1
FormationManager,0,0,48472064,1
FormationManager,0,0,48496640,1
FormationManager,0,0,48508928,1
FormationManager,0,0,48525312,1
FormationManager,0,0,48545792,1
FormationManager,0,0,48562176,1
FormationManager,0,0,48574464,1
FormationManager,0,0,48607232,1
FormationManager,0,0,48623616,1
FormationManager,0,0,48644096,1
FormationManager,0,0,48664576,1
FormationManager,0,0,48680960,1
FormationManager,0,0,48701440,1
FormationManager,0,0,48726016,1
FormationManager,0,0,48730112,1
FormationManager,0,0,48754688,1
FormationManager,0,0,48775168,1
FormationManager,0,0,48791552,1
FormationManager,0,0,48807936,1
FormationManager,0,0,48836608,1
FormationManager,0,0,48861184,1
FormationManager,0,0,48877568,1
FormationManager,0,0,48898048,1
FormationManager,0,0,48922624,1
FormationManager,0,0,48939008,1
FormationManager,0,0,48963584,1
FormationManager,0,0,48979968,1
FormationManager,0,0,48996352,1
FormationManager,0,0,49020928,1
FormationManager,0,0,49045504,1
FormationManager,0,0,49057792,1
FormationManager,0,0,49090560,1
FormationManager,0,0,49115136,1
FormationManager,0,0,49139712,1
FormationManager,0,0,49164288,1
FormationManager,0,0,49184768,1
FormationManager,0,0,49205248,1
FormationManager,0,0,49254400,1
FormationManager,0,0,49274880,1
FormationManager,0,0,49307648,1
FormationManager,0,0,49332224,1
FormationManager,0,0,49356800,1
FormationManager,0,0,49381376,1
FormationManager,0,0,47992832,1
FormationManager,0,0,47996928,1
FormationManager,0,0,48009216,1
FormationManager,0,0,48021504,1
FormationManager,0,0,48033792,1
FormationManager,0,0,48041984,1
FormationManager,0,0,48062464,1
FormationManager,0,0,48070656,1
FormationManager,0,0,48082944,1
FormationManager,0,0,48095232,1
FormationManager,0,0,48103424,1
FormationManager,0,0,48111616,1
FormationManager,0,0,48132096,1
FormationManager,0,0,48140288,1
FormationManager,0,0,48152576,1
FormationManager,0,0,48164864,1
FormationManager,0,0,48177152,1
FormationManager,0,0,48185344,1
FormationManager,0,0,48205824,1
FormationManager,0,0,48218112,1
FormationManager,0,0,48230400,1
FormationManager,0,0,48242688,1
FormationManager,0,0,48254976,1
FormationManager,0,0,48263168,1
FormationManager,0,0,48283648,1
FormationManager,0,0,48291840,1
FormationManager,0,0,48304128,1
FormationManager,0,0,48320512,1
FormationManager,0,0,48332800,1
FormationManager,0,0,48340992,1
FormationManager,0,0,48361472,1
FormationManager,0,0,48373760,1
FormationManager,0,0,48386048,1
FormationManager,0,0,48398336,1
FormationManager,0,0,48410624,1
FormationManager,0,0,48422912,1
FormationManager,0,0,48439296,1
FormationManager,0,0,48447488,1
FormationManager,0,0,48459776,1
FormationManager,0,0,48476160,1
FormationManager,0,0,48488448,1
FormationManager,0,0,48496640,1
FormationManager,0,0,48517120,1
FormationManager,0,0,48529408,1
FormationManager,0,0,48545792,1
FormationManager,0,0,48558080,1
FormationManager,0,0,48570368,1
FormationManager,0,0,48586752,1
FormationManager,0,0,48607232,1
FormationManager,0,0,48611328,1
FormationManager,0,0,48627712,1
FormationManager,0,0,48644096,1
FormationManager,0,0,48656384,1
FormationManager,0,0,48668672,1
FormationManager,0,0,48689152,1
FormationManager,0,0,48701440,1
FormationManager,0,0,48717824,1
FormationManager,0,0,48730112,1
FormationManager,0,0,48746496,1
FormationManager,0,0,48758784,1
FormationManager,0,0,48779264,1
FormationManager,0,0,48791552,1
FormationManager,0,0,48799744,1
FormationManager,0,0,48816128,1
FormationManager,0,0,48832512,1
FormationManager,0,0,48840704,1
FormationManager,0,0,48861184,1
FormationManager,0,0,48877568,1
FormationManager,0,0,48889856,1
FormationManager,0,0,48906240,1
FormationManager,0,0,48918528,1
FormationManager,0,0,48930816,1
FormationManager,0,0,48955392,1
FormationManager,0,0,48963584,1
FormationManager,0,0,48975872,1
FormationManager,0,0,48992256,1
FormationManager,0,0,49004544,1
FormationManager,0,0,49012736,1
FormationManager,0,0,49037312,1
FormationManager,0,0,49049600,1
FormationManager,0,0,49061888,1
FormationManager,0,0,49078272,1
FormationManager,0,0,49090560,1
FormationManager,0,0,49106944,1
FormationManager,0,0,49127424,1
FormationManager,0,0,49135616,1
FormationManager,0,0,49168384,1
FormationManager,0,0,49184768,1
FormationManager,0,0,49197056,1
FormationManager,0,0,49205248,1
FormationManager,0,0,49225728,1
FormationManager,0,0,49242112,1
FormationManager,0,0,49262592,1
FormationManager,0,0,49278976,1
FormationManager,0,0,49303552,1
FormationManager,0,0,49315840,1
FormationManager,0,0,49340416,1
FormationManager,0,0,49356800,1
FormationManager,0,0,49373184,1
FormationManager,0,0,49393664,1
FormationManager,0,0,49414144,1
FormationManager,0,0,49426432,1
FormationManager,0,0,49451008,1
FormationManager,0,0,49471488,1
FormationManager,0,0,49487872,1
FormationManager,0,0,49500160,1
FormationManager,0,0,49520640,1
FormationManager,0,0,49537024,1
FormationManager,0,0,49565696,1
FormationManager,0,0,49577984,1
FormationManager,0,0,49598464,1
FormationManager,0,0,49623040,1
FormationManager,0,0,49639424,1
FormationManager,0,0,49651712,1
FormationManager,0,0,49680384,1
FormationManager,0,0,49688576,1
FormationManager,0,0,49704960,1
FormationManager,0,0,49725440,1
FormationManager,0,0,49745920,1
FormationManager,0,0,49766400,1
FormationManager,0,0,49790976,1
FormationManager,0,0,49803264,1
FormationManager,0,0,49823744,1
FormationManager,0,0,49844224,1
FormationManager,0,0,49860608,1
FormationManager,0,0,49876992,1
FormationManager,0,0,49901568,1
FormationManager,0,0,49917952,1
FormationManager,0,0,49934336,1
FormationManager,0,0,49950720,1
FormationManager,0,0,49967104,1
FormationManager,0,0,49987584,1
FormationManager,0,0,50012160,1
FormationManager,0,0,50028544,1
FormationManager,0,0,50049024,1
FormationManager,0,0,50069504,1
FormationManager,0,0,50085888,1
FormationManager,0,0,50098176,1
FormationManager,0,0,50122752,1
FormationManager,0,0,50143232,1
FormationManager,0,0,50159616,1
FormationManager,0,0,50171904,1
FormationManager,0,0,50196480,1
FormationManager,0,0,50212864,1
FormationManager,0,0,50241536,1
FormationManager,0,0,50253824,1
FormationManager,0,0,50266112,1
FormationManager,0,0,50290688,1
FormationManager,0,0,50307072,1
FormationManager,0,0,50319360,1
FormationManager,0,0,50352128,1
FormationManager,0,0,50368512,1
FormationManager,0,0,50384896,1
FormationManager,0,0,50405376,1
FormationManager,0,0,50417664,1
FormationManager,0,0,50495488,1
FormationManager,0,0,49577984,1
FormationManager,0,0,49684480,1
FormationManager,0,0,49827840,1
FormationManager,0,0,49967104,1
FormationManager,0,0,50098176,1
FormationManager,0,0,50233344,1
FormationManager,0,0,50372608,1
FormationManager,0,0,50520064,1
FormationManager,0,0,50663424,1
FormationManager,0,0,50814976,1
FormationManager,0,0,50958336,1
FormationManager,0,0,51105792,1
FormationManager,0,0,51249152,1
FormationManager,0,0,51388416,1
FormationManager,0,0,51544064,1
FormationManager,0,0,51683328,1
FormationManager,0,0,51830784,1
FormationManager,0,0,51978240,1
FormationManager,0,0,52121600,1
FormationManager,0,0,52273152,1
FormationManager,0,0,52412416,1
FormationManager,0,0,52576256,1
FormationManager,0,0,52748288,1
FormationManager,0,0,52908032,1
FormationManager,0,0,53067776,1
FormationManager,0,0,53235712,1
FormationManager,0,0,53395456,1
FormationManager,0,0,53555200,1
FormationManager,0,0,53719040,1
FormationManager,0,0,53878784,1
FormationManager,0,0,54042624,1
FormationManager,0,0,54214656,1
FormationManager,0,0,54394880,1
FormationManager,0,0,54554624,1
FormationManager,0,0,54738944,1
FormationManager,0,0,54902784,1
FormationManager,0,0,41738240,1
FormationManager,0,0,42651648,1
FormationManager,0,0,43724800,1
FormationManager,0,0,43847680,1
FormationManager,0,0,43978752,1
FormationManager,0,0,44126208,1
FormationManager,0,0,44269568,1
FormationManager,0,0,44400640,1
FormationManager,0,0,44552192,1
FormationManager,0,0,44707840,1
FormationManager,0,0,44834816,1
FormationManager,0,0,44986368,1
FormationManager,0,0,45129728,1
FormationManager,0,0,45260800,1
FormationManager,0,0,45424640,1
FormationManager,0,0,45563904,1
FormationManager,0,0,45707264,1
FormationManager,0,0,45850624,1
FormationManager,0,0,43143168,1
FormationManager,0,0,43233280,1
FormationManager,0,0,43319296,1
FormationManager,0,0,43417600,1
FormationManager,0,0,43524096,1
FormationManager,0,0,43622400,1
FormationManager,0,0,43728896,1
FormationManager,0,0,43839488,1
FormationManager,0,0,43945984,1
FormationManager,0,0,44068864,1
FormationManager,0,0,44195840,1
FormationManager,0,0,44359680,1
FormationManager,0,0,44498944,1
FormationManager,0,0,44634112,1
FormationManager,0,0,44789760,1
FormationManager,0,0,44920832,1
FormationManager,0,0,45076480,1
FormationManager,0,0,45219840,1
FormationManager,0,0,45355008,1
FormationManager,0,0,45510656,1
FormationManager,0,0,45654016,1
FormationManager,0,0,45793280,1
FormationManager,0,0,45961216,1
FormationManager,0,0,46112768,1
FormationManager,0,0,46260224,1
FormationManager,0,0,43786240,1
FormationManager,0,0,44228608,1
FormationManager,0,0,44322816,1
FormationManager,0,0,44429312,1
FormationManager,0,0,44531712,1
FormationManager,0,0,44630016,1
FormationManager,0,0,44769280,1
FormationManager,0,0,44896256,1
FormationManager,0,0,45027328,1
FormationManager,0,0,45166592,1
FormationManager,0,0,45314048,1
FormationManager,0,0,45461504,1
FormationManager,0,0,45613056,1
FormationManager,0,0,45752320,1
FormationManager,0,0,45899776,1
FormationManager,0,0,46051328,1
FormationManager,0,0,46198784,1
FormationManager,0,0,46346240,1
FormationManager,0,0,46485504,1
FormationManager,0,0,46665728,1
FormationManager,0,0,46825472,1
FormationManager,0,0,46968832,1
FormationManager,0,0,47112192,1
FormationManager,0,0,44675072,1
FormationManager,0,0,44769280,1
FormationManager,0,0,44867584,1
FormationManager,0,0,44969984,1
FormationManager,0,0,45072384,1
FormationManager,0,0,45182976,1
FormationManager,0,0,45285376,1
FormationManager,0,0,45424640,1
FormationManager,0,0,45559808,1
FormationManager,0,0,45690880,1
FormationManager,0,0,45830144,1
FormationManager,0,0,45969408,1
FormationManager,0,0,46108672,1
FormationManager,0,0,46260224,1
FormationManager,0,0,46407680,1
FormationManager,0,0,46555136,1
FormationManager,0,0,46694400,1
FormationManager,0,0,46845952,1
FormationManager,0,0,46997504,1
FormationManager,0,0,47140864,1
FormationManager,0,0,47292416,1
FormationManager,0,0,47464448,1
FormationManager,0,0,47620096,1
FormationManager,0,0,47796224,1
FormationManager,0,0,45334528,1
FormationManager,0,0,45563904,1
FormationManager,0,0,45658112,1
FormationManager,0,0,45756416,1
FormationManager,0,0,45854720,1
FormationManager,0,0,45981696,1
FormationManager,0,0,46092288,1
FormationManager,0,0,46227456,1
FormationManager,0,0,46358528,1
FormationManager,0,0,46489600,1
FormationManager,0,0,46620672,1
FormationManager,0,0,46768128,1
FormationManager,0,0,46931968,1
FormationManager,0,0,47095808,1
FormationManager,0,0,47255552,1
FormationManager,0,0,47415296,1
FormationManager,0,0,47575040,1
FormationManager,0,0,47763456,1
FormationManager,0,0,47919104,1
FormationManager,0,0,48074752,1
FormationManager,0,0,48238592,1
FormationManager,0,0,48410624,1
FormationManager,0,0,48570368,1
FormationManager,0,0,48726016,1
FormationManager,0,0,46338048,1
FormationManager,0,0,46432256,1
FormationManager,0,0,46522368,1
FormationManager,0,0,46620672,1
FormationManager,0,0,46727168,1
FormationManager,0,0,46825472,1
FormationManager,0,0,46931968,1
FormationManager,0,0,47046656,1
FormationManager,0,0,47177728,1
FormationManager,0,0,47312896,1
FormationManager,0,0,47448064,1
FormationManager,0,0,47591424,1
FormationManager,0,0,47747072,1
FormationManager,0,0,47939584,1
FormationManager,0,0,48103424,1
FormationManager,0,0,48254976,1
FormationManager,0,0,48427008,1
FormationManager,0,0,48594944,1
FormationManager,0,0,48746496,1
FormationManager,0,0,48914432,1
FormationManager,0,0,49078272,1
FormationManager,0,0,49250304,1
FormationManager,0,0,49410048,1
FormationManager,0,0,49565696,1
FormationManager,0,0,46358528,1
FormationManager,0,0,47230976,1
FormationManager,0,0,47349760,1
FormationManager,0,0,47448064,1
FormationManager,0,0,47550464,1
FormationManager,0,0,47648768,1
FormationManager,0,0,47751168,1
FormationManager,0,0,47865856,1
FormationManager,0,0,47988736,1
FormationManager,0,0,48128000,1
FormationManager,0,0,48259072,1
FormationManager,0,0,48402432,1
FormationManager,0,0,48549888,1
FormationManager,0,0,48717824,1
FormationManager,0,0,48873472,1
FormationManager,0,0,49037312,1
FormationManager,0,0,49209344,1
FormationManager,0,0,49360896,1
FormationManager,0,0,49516544,1
FormationManager,0,0,49704960,1
FormationManager,0,0,49864704,1
FormationManager,0,0,50024448,1
FormationManager,0,0,50192384,1
FormationManager,0,0,50360320,1
FormationManager,0,0,50532352,1
FormationManager,0,0,48119808,1
FormationManager,0,0,48214016,1
FormationManager,0,0,48304128,1
FormationManager,0,0,48398336,1
FormationManager,0,0,48500736,1
FormationManager,0,0,48603136,1
FormationManager,0,0,48701440,1
FormationManager,0,0,48824320,1
FormationManager,0,0,48951296,1
FormationManager,0,0,49086464,1
FormationManager,0,0,49221632,1
FormationManager,0,0,49352704,1
FormationManager,0,0,49508352,1
FormationManager,0,0,49668096,1
FormationManager,0,0,49831936,1
FormationManager,0,0,50003968,1
FormationManager,0,0,50163712,1
FormationManager,0,0,50327552,1
FormationManager,0,0,50487296,1
FormationManager,0,0,50659328,1
FormationManager,0,0,50823168,1
FormationManager,0,0,50982912,1
FormationManager,0,0,51150848,1
FormationManager,0,0,51318784,1
FormationManager,0,0,51470336,1
FormationManager,0,0,51646464,1
FormationManager,0,0,48762880,1
FormationManager,0,0,49156096,1
FormationManager,0,0,49254400,1
FormationManager,0,0,49352704,1
FormationManager,0,0,49451008,1
FormationManager,0,0,49557504,1
FormationManager,0,0,49659904,1
FormationManager,0,0,49782784,1
FormationManager,0,0,49913856,1
FormationManager,0,0,50036736,1
FormationManager,0,0,50176000,1
FormationManager,0,0,50323456,1
FormationManager,0,0,50466816,1
FormationManager,0,0,50630656,1
FormationManager,0,0,50790400,1
FormationManager,0,0,50982912,1
FormationManager,0,0,51146752,1
FormationManager,0,0,51306496,1
FormationManager,0,0,51470336,1
FormationManager,0,0,51638272,1
FormationManager,0,0,51802112,1
FormationManager,0,0,51974144,1
FormationManager,0,0,52121600,1
FormationManager,0,0,52293632,1
FormationManager,0,0,52461568,1
FormationManager,0,0,52625408,1
FormationManager,0,0,49557504,1
FormationManager,0,0,50155520,1
FormationManager,0,0,50245632,1
FormationManager,0,0,50343936,1
FormationManager,0,0,50442240,1
FormationManager,0,0,50556928,1
FormationManager,0,0,50663424,1
FormationManager,0,0,50778112,1
FormationManager,0,0,50896896,1
FormationManager,0,0,51032064,1
FormationManager,0,0,51167232,1
FormationManager,0,0,51302400,1
FormationManager,0,0,51453952,1
FormationManager,0,0,51609600,1
FormationManager,0,0,51765248,1
FormationManager,0,0,51933184,1
FormationManager,0,0,52088832,1
FormationManager,0,0,52252672,1
FormationManager,0,0,52412416,1
FormationManager,0,0,52584448,1
FormationManager,0,0,52744192,1
FormationManager,0,0,52908032,1
FormationManager,0,0,53084160,1
FormationManager,0,0,53239808,1
FormationManager,0,0,53407744,1
FormationManager,0,0,53575680,1
FormationManager,0,0,53772288,1
FormationManager,0,0,53985280,1
FormationManager,0,0,41967616,1
FormationManager,0,0,43200512,1
FormationManager,0,0,43466752,1
FormationManager,0,0,43560960,1
FormationManager,0,0,43659264,1
FormationManager,0,0,43761664,1
FormationManager,0,0,43868160,1
FormationManager,0,0,43962368,1
FormationManager,0,0,44072960,1
FormationManager,0,0,44191744,1
FormationManager,0,0,44314624,1
FormationManager,0,0,44449792,1
FormationManager,0,0,44584960,1
FormationManager,0,0,44752896,1
FormationManager,0,0,44892160,1
FormationManager,0,0,45027328,1
FormationManager,0,0,45170688,1
FormationManager,0,0,45309952,1
FormationManager,0,0,45432832,1
FormationManager,0,0,45576192,1
FormationManager,0,0,42409984,1
FormationManager,0,0,43204608,1
FormationManager,0,0,43294720,1
FormationManager,0,0,43393024,1
FormationManager,0,0,43491328,1
FormationManager,0,0,43597824,1
FormationManager,0,0,43708416,1
FormationManager,0,0,43814912,1
FormationManager,0,0,43921408,1
FormationManager,0,0,44040192,1
FormationManager,0,0,44167168,1
FormationManager,0,0,44306432,1
FormationManager,0,0,44433408,1
FormationManager,0,0,44564480,1
FormationManager,0,0,44703744,1
FormationManager,0,0,44834816,1
FormationManager,0,0,44961792,1
FormationManager,0,0,45092864,1
FormationManager,0,0,45223936,1
FormationManager,0,0,45363200,1
FormationManager,0,0,45518848,1
FormationManager,0,0,45645824,1
FormationManager,0,0,45793280,1
FormationManager,0,0,45932544,1
FormationManager,0,0,42954752,1
FormationManager,0,0,43835392,1
FormationManager,0,0,43929600,1
FormationManager,0,0,44023808,1
FormationManager,0,0,44122112,1
FormationManager,0,0,44228608,1
FormationManager,0,0,44343296,1
FormationManager,0,0,44462080,1
FormationManager,0,0,44589056,1
FormationManager,0,0,44736512,1
FormationManager,0,0,44867584,1
FormationManager,0,0,44998656,1
FormationManager,0,0,45162496,1
FormationManager,0,0,45297664,1
FormationManager,0,0,45449216,1
FormationManager,0,0,45588480,1
FormationManager,0,0,45740032,1
FormationManager,0,0,45879296,1
FormationManager,0,0,46022656,1
FormationManager,0,0,46174208,1
FormationManager,0,0,46317568,1
FormationManager,0,0,46456832,1
FormationManager,0,0,46600192,1
FormationManager,0,0,43343872,1
FormationManager,0,0,44437504,1
FormationManager,0,0,44527616,1
FormationManager,0,0,44621824,1
FormationManager,0,0,44724224,1
FormationManager,0,0,44822528,1
FormationManager,0,0,44937216,1
FormationManager,0,0,45047808,1
FormationManager,0,0,45174784,1
FormationManager,0,0,45314048,1
FormationManager,0,0,45445120,1
FormationManager,0,0,45588480,1
FormationManager,0,0,45744128,1
FormationManager,0,0,45891584,1
FormationManager,0,0,46088192,1
FormationManager,0,0,46235648,1
FormationManager,0,0,46399488,1
FormationManager,0,0,46563328,1
FormationManager,0,0,46714880,1
FormationManager,0,0,46874624,1
FormationManager,0,0,47034368,1
FormationManager,0,0,47202304,1
FormationManager,0,0,47353856,1
FormationManager,0,0,47521792,1
FormationManager,0,0,44969984,1
FormationManager,0,0,45248512,1
FormationManager,0,0,45346816,1
FormationManager,0,0,45441024,1
FormationManager,0,0,45543424,1
FormationManager,0,0,45658112,1
FormationManager,0,0,45760512,1
FormationManager,0,0,45895680,1
FormationManager,0,0,46026752,1
FormationManager,0,0,46166016,1
FormationManager,0,0,46301184,1
FormationManager,0,0,46452736,1
FormationManager,0,0,46600192,1
FormationManager,0,0,46755840,1
FormationManager,0,0,46923776,1
FormationManager,0,0,47083520,1
FormationManager,0,0,47239168,1
FormationManager,0,0,47411200,1
FormationManager,0,0,47575040,1
FormationManager,0,0,47734784,1
FormationManager,0,0,47890432,1
FormationManager,0,0,48062464,1
FormationManager,0,0,48234496,1
FormationManager,0,0,48398336,1
FormationManager,0,0,45563904,1
FormationManager,0,0,46051328,1
FormationManager,0,0,46141440,1
FormationManager,0,0,46239744,1
FormationManager,0,0,46370816,1
FormationManager,0,0,46469120,1
FormationManager,0,0,46575616,1
FormationManager,0,0,46698496,1
FormationManager,0,0,46817280,1
FormationManager,0,0,46968832,1
FormationManager,0,0,47124480,1
FormationManager,0,0,47276032,1
FormationManager,0,0,47419392,1
FormationManager,0,0,47583232,1
FormationManager,0,0,47747072,1
FormationManager,0,0,47898624,1
FormationManager,0,0,48066560,1
FormationManager,0,0,48226304,1
FormationManager,0,0,48386048,1
FormationManager,0,0,48574464,1
FormationManager,0,0,48734208,1
FormationManager,0,0,48893952,1
FormationManager,0,0,49070080,1
FormationManager,0,0,49238016,1
FormationManager,0,0,46039040,1
FormationManager,0,0,46911488,1
FormationManager,0,0,47005696,1
FormationManager,0,0,47104000,1
FormationManager,0,0,47202304,1
FormationManager,0,0,47304704,1
FormationManager,0,0,47411200,1
FormationManager,0,0,47513600,1
FormationManager,0,0,47636480,1
FormationManager,0,0,47779840,1
